,TGF-É¿-treated vs Unstimulated(A549 cells_24h),TGF-É¿ vs Unstimulated(A549 cells_48h),TGF-É¿ vs Unstimulated(A549 cells_72h)
Compound name,ratio,ratio,ratio
1-Methylnicotinamide,1.567375088,1.733379365,2.72746512
10-Hydroxydecanoate,1.514565793,1.143186498,1.271614376
2-Deoxyribose 1-phosphate,1.461370929,1.371536151,1.725991116
2-Deoxyribose 5-phosphate,1.028307799,0.897015322,1.013378933
2-Hydroxybutyrate,1.906032897,1.264888223,0.617885333
2-Hydroxyglutarate,1.432873872,1.34012688,1.478172522
2-Hydroxyisobutyrate,NA,NA,NA
2-Oxoglutarate,1.168498617,0.957258927,1.074900561
2-Oxoisopentanoate,1.013244878,0.577720431,0.543504163
"2,3-DPG",1.649684216,1.394944994,0.858562762
2AB,0.828759137,0.840422673,0.56030578
2PG,0.90426602,1.472030313,0.949327006
3-Aminoisobutyrate,NA,NA,0.810084291
3-Hydroxy-3-methylglutarate,1.392960195,0.869070463,0.795984351
3-Hydroxybutyrate,1.256496376,1.14149246,0.856268774
3-Methylbutanoate,1.166417085,0.947695004,0.775722054
3-Methylhistidine,1.008630354,0.68685806,0.564183978
3-Phenylpropionate,NA,NA,NA
3PG,1.2255347,1.24561433,1.016433287
4-Acetylbutyrate,1.14020195,1.119401622,1.13056364
4-Methyl-2-oxopentanoate,0.885396899,0.675495088,0.534185033
4-Oxopentanoate,1.161561204,1.088926663,1.117316699
5-Aminolevulinate,0.87555226,0.691871849,0.407454666
5-Aminovalerate,1.087586413,0.998622316,1.043011775
5-Methylthioadenosine,1.077947169,0.932756791,0.657421215
5-Oxoproline,1.252082692,0.9376021,0.817882832
6-Phosphogluconate,1.428996778,1.966254143,1.670834107
Adenine,0.984187937,0.849246387,0.639084216
"Adenosine 3',5'-diphosphate",NA,1.276683665,0.763727638
Adenosine 5'-phosphosulfate,1.16135285,1.150026144,0.899245053
Adipate,1.093601715,0.935422082,1.095750829
ADMA,NA,NA,0.802705988
ADP,1.20968512,0.944527352,0.609465198
ADP-glucose,1.235068044,1.115078565,0.827927365
ADP-ribose,1.292028747,0.968288624,0.734923998
Ala,0.849904936,0.744080131,0.768570698
alpha-Aminoadipate,1.423727163,1.097644194,1.25319806
AMP,1.338270532,1.039851564,0.694520759
Arg,1.262676259,1.398261006,0.965932354
Argininosuccinate,1.19750915,1.07357804,1.134442778
Asn,0.789520377,0.635627386,0.477068449
Asp,1.271560745,1.428790347,1.866697015
ATP,0.943440422,1.120389564,0.662545933
Azelate,1.459637805,1.0472197,1.300986658
Benzoate,NA,NA,NA
beta-Ala,0.773318919,0.524705831,0.466625039
Betaine,1.131888045,0.878525812,0.756891908
Butanoate,1.334575703,1.282311421,1.071526561
Carbamoylaspartate,1.214149249,1.068351669,0.863644853
Carnitine,1.084590183,1.08778376,1.115920377
Carnosine,1.409581534,1.098807783,0.941920419
CDP,1.546254555,0.830139991,0.466264206
Choline,1.43056277,2.156994235,1.806773769
cis-Aconitate,1.161634243,1.080070297,1.051534247
Citrate,1.082121458,0.944330316,0.9101942
Citrulline,0.847203334,0.862684875,0.574890098
CMP,1.088052078,1.035471379,1.578947071
CMP-N-acetylneuraminate,0.91697181,0.896923323,0.623046389
CoA,0.902608288,1.066562903,0.839802187
Creatine,1.135491145,0.794581594,0.469234274
Creatinine,1.229810844,1.150602859,1.120587021
CTP,1.031338882,1.201529029,0.865965215
Cyclohexylamine,1.117674972,1.328440286,1.567618831
Cys,NA,NA,NA
Cystathionine,1.413140315,0.894635787,1.100548583
Cysteine-glutathione disulphide -Divalent,1.51863267,1.231896395,0.671022696
dATP,1.232861187,1.142811403,0.614820633
dCMP,1.09838926,0.696730801,1.072890907
dCTP,1.053107747,1.354577335,0.782161427
Decanoate,1.410139614,1.281393189,1.024323036
DHAP,1.290318943,1.87156295,2.36648957
Diethanolamine,1.940465468,1.175401199,1.283528009
Dodecanedioate,1.029549728,1.091451866,1.078128536
Dodecanoate,NA,0.571730217,NA
dTDP,NA,1.001068681,NA
dTTP,1.137448642,1.228296778,0.835617424
Ethanolamine phosphate,1.244311928,1.116980844,1.270079155
"F1,6P",1.304778764,2.128888922,2.238538275
F6P,1.342372793,1.515097144,1.365172575
FAD,0.917319009,0.882531202,0.594890347
Fumarate,1.027106053,1.007400166,1.144578563
G1P,0.837556121,0.659429992,0.878796359
G3P,1.535478134,2.019883586,1.772288872
G6P,1.293675937,2.382044216,2.224440616
GABA,0.984193979,0.487234445,0.288585948
gamma-Butyrobetaine,0.956896889,0.955016295,0.927418466
gamma-Glu-cys,NA,NA,NA
GDP,1.072340309,1.051459744,0.513774561
GDP-mannose,1.122307468,0.837238769,0.630002796
Gln,0.833715891,0.803889006,0.731044241
Glu,1.345628527,1.341207814,1.691441956
Glu-Glu,1.356010137,0.854911244,0.98631651
Gluconate,1.416861804,1.641032398,2.225516096
Glucuronate,NA,1.606145274,1.575899645
Glutarate,1.056681097,0.688774446,0.728555523
Glutathione(ox),0.717853599,0.565977525,0.385566405
Glutathione(red),0.980440819,0.675682186,0.764541504
Gly,0.961120867,0.774762774,0.851891335
Gly-Gly,1.129350778,0.934344329,0.790582303
Glycerate,NA,NA,NA
Glycerophosphate,1.180461504,1.08671382,1.002095786
Glycerophosphorylcholine,2.592504882,4.576705563,9.44604962
GMP,1.389551012,1.118847572,0.766378852
GTP,0.742625385,1.096358565,0.567443308
Heptanoate,1.250945355,1.095286567,0.847926311
Hexanoate,1.202236442,1.171726629,0.945995483
His,0.891030825,0.752760694,0.672121212
Homoserine,1.196997991,0.860461938,0.662506419
Hydroxyproline,0.753502138,0.577407993,0.451017711
Hypotaurine,1.041216736,0.884846329,0.879659269
Ile,0.959067445,0.824234334,0.734839486
IMP,1.06123873,0.894090553,0.870514164
Isethionate,1.855782916,1.009008841,0.796769252
Isobutyryl CoA,NA,NA,NA
Isocitrate,0.868352162,0.777884186,0.782496676
Lactate,1.288048305,0.928786245,0.671453388
Leu,0.96503921,0.837009477,0.77369124
Lys,1.428281655,1.491672154,1.592218581
Malate,1.106607547,0.992929546,1.164099204
Malonyl CoA,NA,1.86400519,NA
Met,0.974581312,0.886793971,0.928510245
Methionine sulfoxide,0.852828745,0.946421965,0.775624808
Methyl sulfate,NA,NA,NA
N-Acetyl-beta-alanine,1.349800523,1.139803823,1.130501916
N-Acetylaspartate,1.105252834,0.808827797,0.732982117
N-Acetylglucosamine 1-phosphate,1.646532049,0.947581623,1.016860294
N-Acetylglucosamine 6-phosphate,0.861846239,0.690045889,0.822388888
N-Acetylglutamate,1.086543281,0.842435759,0.739790597
N-Acetylmethionine,1.135173617,1.163891517,1.228881735
N-Acetylneuraminate,1.249103261,1.205934363,1.414446646
N-Acetylputrescine,1.526425945,1.549311336,2.358268265
N-Formylmethionine,NA,0.951152166,NA
"N,N-Dimethylglycine",NA,1.748711738,1.269811877
N1-Acetylspermidine,2.513274085,1.471620494,1.269975632
"N6,N6,N6-Trimethyllysine",0.894860855,1.220145007,1.068260861
NAD+,1.170418523,0.912923291,0.774558865
NADH,1.26239054,0.985449465,1.299399534
NADP+,0.965641277,0.717732539,0.454944648
NADPH,NA,0.91246763,NA
Nicotinamide,1.29811745,0.905491676,0.534874482
o-Acetylcarnitine,1.127543336,1.16908825,1.144850106
O-Phosphoserine,1.203632994,1.061106337,1.179041504
Octanoate,1.370838967,1.413490765,1.223065099
Ornithine,1.556081741,1.433996996,1.073667431
Pantothenate,1.180366585,1.046032823,0.894485181
Pelargonate,1.267448221,1.149308364,0.948258003
Pentanoate,1.255679683,1.345591025,1.067946402
PEP,1.060481858,1.123309265,0.800260657
Phe,0.949564884,0.821208013,0.855556129
Phosphorylcholine,1.075575791,1.083117417,1.281571898
Phthalate,1.429958149,0.935825698,1.443346375
Pimelate,0.968647786,1.130280531,1.134268922
Pro,1.006080936,0.871868886,0.677228487
Propionate,NA,1.387570192,NA
PRPP,1.027135101,1.545931953,0.402071238
"Putrescine(1,4-Butanediamine)",1.053924492,0.914980521,1.073769957
Pyridoxal,NA,1.621115335,1.347941132
Pyridoxamine 5'-phosphate,NA,0.863959462,0.692520915
Pyridoxine,1.271975041,1.290939501,1.099063179
Pyruvate,1.445039974,0.839986607,0.65482962
R5P,1.409369425,1.464716833,1.030758577
"Ribulose 1,5-diphosphate",2.704162232,2.539793924,1.489341022
Ru5P,1.31909035,1.319956519,1.487480193
S7P,1.012507416,0.926770005,0.971664401
Saccharate,1.796398923,2.17005581,2.578875598
SAH,0.972952354,0.811673048,0.585770627
SAM+,0.959458248,0.963300137,0.777329233
Sarcosine,1.783300975,0.785851444,0.595937548
Sebacate,1.12323823,1.202971281,1.041500138
Ser,0.933566849,0.946178208,1.481125601
Spermidine,0.844898404,1.035846265,0.805093275
Spermine,NA,1.29522913,0.722700034
Succinate,1.150041646,1.072779484,0.991956872
Taurine,1.085823249,0.988728865,1.118034284
Terephthalate,0.97365635,1.164110024,1.029933165
Thiamine,1.382071491,1.59036558,1.589939017
Thr,0.898039305,0.715313854,0.695270957
threo-beta-methylaspartate + Glu,1.334756389,1.358323256,1.692536736
Threonate,1.260645094,1.538327958,1.316918436
Thymidine,1.343165826,1.166770723,1.206043065
Trimethylamine N-oxide,NA,NA,0.712597877
Trp,0.951026473,0.838534367,0.945485949
Tyr,0.929511113,0.773929554,0.716563423
UDP,1.160110153,0.735393855,0.437178896
UDP-glucose,1.045884508,0.950552415,0.868104853
UDP-glucuronate,0.909654072,0.780586815,0.708912889
UDP-N-acetylglucosamine,1.218640283,1.012514542,0.896067533
UMP,1.03877997,0.739190028,0.482531632
Urate,2.060806401,1.52410348,0.596064249
Urea,1.487213697,1.108622178,1.108821124
UTP,0.884108468,1.121272497,0.777100908
Val,0.968442405,0.876876258,0.982011267
XMP,NA,0.902904989,1.230939456
